ONS code,Area,01/11/2004,10/10/2005,09/10/2006,08/10/2007,06/10/2008,05/10/2009,04/10/2010,03/10/2011,01/10/2012,07/10/2013,06/10/2014,05/10/2015,03/10/2016,02/10/2017,01/10/2018,07/10/2019,05/10/2020,04/10/2021,03/10/2022,02/10/2023,07/10/2024
E92000001,England,"710,935","723,509","744,931","763,319","783,119","770,496","737,147","719,352","704,357","635,127","610,123","600,179","589,766","605,891","634,453","648,114","665,628","653,025","676,304","699,126","719,470"
E12000001,North East,"45,732","47,598","48,287","48,099","50,375","47,243","46,399","45,269","44,674","40,411","40,708","40,784","40,579","43,617","44,672","44,566","43,735","40,899","41,596","41,998","42,617"
E07000157,Alnwick,571,635,"1,064",742,790,[x],[x],[x],[x],[x],[x],[x],[x],[x],[x],[x],[x],[x],[x],[x],[x]
E07000158,Berwick-upon-Tweed,614,651,674,669,686,[x],[x],[x],[x],[x],[x],[x],[x],[x],[x],[x],[x],[x],[x],[x],[x]
E07000159,Blyth Valley,789,860,888,"1,018","1,107",[x],[x],[x],[x],[x],[x],[x],[x],[x],[x],[x],[x],[x],[x],[x],[x]
E07000160,Castle Morpeth,774,847,735,696,"1,085",[x],[x],[x],[x],[x],[x],[x],[x],[x],[x],[x],[x],[x],[x],[x],[x]
E07000054,Chester-le-Street,582,578,721,704,823,[x],[x],[x],[x],[x],[x],[x],[x],[x],[x],[x],[x],[x],[x],[x],[x]
E06000047,County Durham,[x],[x],[x],[x],[x],"10,156","9,925","10,416","9,999","9,659","10,163","10,267","9,649","10,026","9,807","9,451","8,961","8,380","8,991","9,134","9,023"
E06000005,Darlington,"1,660","1,756","1,735","1,735","1,964","1,776","1,853","1,933","1,953","1,758","1,637","1,688","1,556","1,592","1,743","1,787","1,655","1,544","1,763","1,765","1,921"
E07000055,Derwentside,"1,669","1,653","1,805","1,888","2,206",[x],[x],[x],[x],[x],[x],[x],[x],[x],[x],[x],[x],[x],[x],[x],[x]
E07000056,Durham,"1,282","1,479","2,135","1,736","2,279",[x],[x],[x],[x],[x],[x],[x],[x],[x],[x],[x],[x],[x],[x],[x],[x]
E07000057,Easington,"1,880","1,822","1,928","1,933","1,991",[x],[x],[x],[x],[x],[x],[x],[x],[x],[x],[x],[x],[x],[x],[x],[x]
E08000037,Gateshead,"5,488","6,162","5,180","4,989","5,715","5,583","5,506","4,426","4,836","3,772","3,217","2,827","2,833","2,992","3,181","3,310","3,251","3,069","3,182","3,162","3,147"
E06000001,Hartlepool,"1,925","1,846","1,925","1,725","1,808","1,879","1,889","1,986","1,976","1,513","1,554","1,718","1,769","1,905","2,019","2,078","2,098","1,765","1,763","1,801","1,932"
E06000002,Middlesbrough,"2,833","2,497","2,728","2,779","2,716","2,428","2,401","2,512","2,560","2,246","2,328","2,361","2,504","2,842","2,581","2,727","2,873","2,879","2,679","2,819","3,030"
E08000021,Newcastle upon Tyne,"6,141","5,838","5,595","5,710","4,811","4,385","3,899","3,771","3,119","2,606","2,797","2,824","3,064","3,909","4,569","4,038","4,401","4,159","3,929","3,861","4,123"
E08000022,North Tyneside,"2,877","2,821","2,841","2,992","3,186","3,209","3,182","3,081","3,282","2,467","3,021","3,055","3,078","3,295","3,339","3,401","2,914","2,733","2,930","2,695","2,708"
E06000057,Northumberland,[x],[x],[x],[x],[x],"5,729","5,402","5,242","5,517","5,246","5,074","4,820","4,941","5,150","5,485","5,838","5,460","4,742","5,047","5,196","4,966"
E06000003,Redcar and Cleveland,"2,225","2,425","2,467","2,468","2,196","2,472","2,582","2,564","2,422","2,402","2,374","2,418","2,184","2,397","2,272","2,207","2,158","2,159","2,003","2,099","2,174"
E07000058,Sedgefield,"1,965","2,070","1,559","1,669","1,931",[x],[x],[x],[x],[x],[x],[x],[x],[x],[x],[x],[x],[x],[x],[x],[x]
E08000023,South Tyneside,"1,997","2,284","2,396","2,411","2,389","2,305","2,432","2,512","2,375","1,917","1,984","2,201","2,256","2,346","1,973","1,922","2,105","2,050","2,159","2,190","2,004"
E06000004,Stockton-on-Tees,"2,319","2,831","2,966","3,043","3,242","3,138","3,060","2,779","2,787","2,627","2,703","2,351","2,584","2,734","3,027","3,145","3,225","2,881","2,625","2,813","3,150"
E08000024,Sunderland,"4,114","4,478","4,652","4,431","4,440","4,183","4,268","4,047","3,848","4,198","3,856","4,254","4,161","4,429","4,676","4,662","4,634","4,538","4,525","4,463","4,439"
E07000059,Teesdale,656,705,695,751,778,[x],[x],[x],[x],[x],[x],[x],[x],[x],[x],[x],[x],[x],[x],[x],[x]
E07000161,Tynedale,782,838,848,935,952,[x],[x],[x],[x],[x],[x],[x],[x],[x],[x],[x],[x],[x],[x],[x],[x]
E07000162,Wansbeck,"1,031","1,091","1,193","1,360","1,438",[x],[x],[x],[x],[x],[x],[x],[x],[x],[x],[x],[x],[x],[x],[x],[x]
E07000060,Wear Valley,"1,558","1,431","1,557","1,715","1,842",[x],[x],[x],[x],[x],[x],[x],[x],[x],[x],[x],[x],[x],[x],[x],[x]
E12000002,North West,"128,835","132,543","137,253","141,186","144,907","142,456","136,456","130,623","124,856","114,882","109,485","105,698","103,397","102,847","104,900","104,738","104,898","100,493","101,778","105,178","104,016"
E07000026,Allerdale,"1,423","1,630","1,610","1,514","1,579","1,618","1,896","1,856","1,821","1,830","1,842","1,908","1,939","1,845","1,837","1,894","1,775","1,685","1,661",[x],[x]
E07000027,Barrow-in-Furness,"2,029","1,773","1,738","1,774","1,825","1,737","1,890","1,736","1,668","1,660","1,655","1,489","1,709","1,481","1,572","1,575","1,659","1,598","1,588",[x],[x]
E06000008,Blackburn with Darwen,"3,519","3,441","3,479","3,579","3,643","3,448","3,372","3,417","3,474","3,405","3,368","3,002","2,941","2,838","3,038","2,717","2,654","2,504","2,518","2,501","2,452"
E06000009,Blackpool,"2,731","2,847","3,910","4,268","3,482","3,690","3,605","3,860","3,932","3,955","4,092","3,961","3,549","3,673","3,920","3,842","3,609","3,256","3,182","3,249","3,198"
E08000001,Bolton,"2,407","5,568","5,682","6,017","6,433","6,196","5,831","5,109","4,900","4,820","4,618","4,595","3,716","3,497","3,708","3,625","3,670","3,643","3,869","4,019","4,347"
E07000117,Burnley,"2,866","2,944","2,900","3,004","3,209","3,232","3,226","2,824","2,978","2,626","2,458","2,456","2,384","2,267","2,261","2,089","1,907","1,832","1,867","1,731","1,724"
E08000002,Bury,"2,375","2,665","3,111","2,870","3,266","2,991","2,892","3,021","2,921","2,854","2,639","2,552","2,634","2,484","2,399","2,531","2,433","2,484","2,496","2,558","2,658"
E07000028,Carlisle,"1,414","2,108","1,669","1,678","1,623","1,743","1,694","1,876","1,796","1,639","1,586","1,525","2,053","1,854","1,851","1,978","2,006","1,758","1,683",[x],[x]
E06000049,Cheshire East,[x],[x],[x],[x],[x],"6,439","6,306","5,485","5,372","4,515","4,163","4,036","3,872","4,166","4,332","4,635","4,717","4,363","4,567","4,652","5,068"
E06000050,Cheshire West and Chester,[x],[x],[x],[x],[x],"4,752","4,797","4,945","4,967","4,266","4,059","4,262","4,104","4,163","4,413","4,302","4,089","3,570","3,819","4,243","4,136"
E07000013,Chester,"2,240","2,543","2,738","1,703","1,754",[x],[x],[x],[x],[x],[x],[x],[x],[x],[x],[x],[x],[x],[x],[x],[x]
E07000118,Chorley,"1,194","1,294","1,416","1,364","1,526","1,522","1,624","1,672","1,752","1,528","1,485","1,409","1,384","1,364","1,447","1,381","1,381","1,353","1,308","1,338","1,454"
E07000014,Congleton,"1,206","1,407","1,550","1,512","1,424",[x],[x],[x],[x],[x],[x],[x],[x],[x],[x],[x],[x],[x],[x],[x],[x]
E07000029,Copeland,"1,301","1,286",900,"1,314","1,227","1,408","1,374","1,354","1,484","1,365","1,395","1,479","1,528","1,563","1,591","1,404","1,272","1,089","1,035",[x],[x]
E07000015,Crewe and Nantwich,"1,614","1,683","1,898","2,038","2,215",[x],[x],[x],[x],[x],[x],[x],[x],[x],[x],[x],[x],[x],[x],[x],[x]
E06000063,Cumberland,[x],[x],[x],[x],[x],[x],[x],[x],[x],[x],[x],[x],[x],[x],[x],[x],[x],[x],[x],"4,366","4,132"
E07000030,Eden,657,745,710,785,797,755,851,913,979,"1,117","1,105","1,038","1,169","1,075","1,057","1,004","1,103","1,140","1,083",[x],[x]
E07000016,Ellesmere Port & Neston,713,819,836,848,981,[x],[x],[x],[x],[x],[x],[x],[x],[x],[x],[x],[x],[x],[x],[x],[x]
E07000119,Fylde,"1,368","1,573","1,650","1,748","1,863","1,831","1,848","1,827","1,784","1,755","1,702","1,618","1,543","1,592","1,760","1,751","1,699","1,502","1,562","1,589","1,671"
E06000006,Halton,"1,726","1,461","1,648","1,767","1,706","1,884","1,720","1,783","1,516","1,284","1,287","1,219","1,230","1,037","1,193","1,364","1,272","1,166","1,351","1,392","1,484"
E07000120,Hyndburn,"2,303","2,341","2,309","2,436","2,488","2,437","2,446","2,547","2,565","2,312","2,166","1,962","1,874","1,755","1,685","1,660","1,496","1,307","1,260","1,236","1,194"
E08000011,Knowsley,"2,175","1,869","1,955","2,290","2,615","2,618","2,448","2,278","2,306","2,599","2,252","2,052","2,113","2,029","2,120","2,187","2,125","1,922","2,068","1,871","1,860"
E07000121,Lancaster,"2,181","2,291","2,212","2,316","2,493","2,556","2,528","2,427","2,540","2,388","2,274","2,457","2,738","2,756","2,458","2,245","2,181","2,052","1,955","2,233","2,189"
E08000012,Liverpool,"15,061","14,085","14,209","14,099","13,855","12,392","11,733","11,881","12,025","9,584","9,177","9,027","9,535","10,512","10,353","10,704","10,941","11,028","10,769","11,479","10,779"
E07000017,Macclesfield,"2,652","2,793","2,847","3,049","3,114",[x],[x],[x],[x],[x],[x],[x],[x],[x],[x],[x],[x],[x],[x],[x],[x]
E08000003,Manchester,"14,727","13,329","13,943","14,839","15,132","14,488","12,300","11,116","7,201","5,399","4,813","3,932","3,716","3,787","3,732","3,762","4,046","5,446","5,425","5,390","4,995"
E08000004,Oldham,"4,422","4,758","4,840","5,044","5,283","5,036","5,026","4,546","4,098","3,836","3,461","3,103","2,980","2,893","2,941","2,972","2,691","2,719","2,819","2,913","2,597"
E07000122,Pendle,"2,515","2,442","2,508","2,803","3,002","2,823","2,688","2,746","2,554","2,519","2,190","2,045","1,897","1,859","1,817","1,620","1,534","1,428","1,376","1,533","1,442"
E07000123,Preston,"2,331","2,394","2,456","2,463","2,491","2,715","2,601","2,399","2,478","2,193","2,301","2,289","2,584","2,694","2,707","2,666","2,812","2,439","2,415","2,609","2,721"
E07000124,Ribble Valley,752,803,818,799,745,838,848,822,842,940,797,813,874,791,847,839,772,774,910,956,909
E08000005,Rochdale,"3,881","3,556","3,595","3,575","4,142","3,844","3,728","3,515","3,661","3,114","3,096","3,028","2,748","2,684","2,766","2,805","3,033","3,039","3,079","3,313","3,522"
E07000125,Rossendale,"1,325",868,"1,333","1,375","1,448","1,414","1,437","1,470","1,585","1,575","1,441","1,372","1,271","1,188","1,207","1,169","1,206","1,068","1,127","1,225","1,201"
E08000006,Salford,"6,157","6,207","6,231","6,226","6,226","6,513","6,237","4,529","3,595","3,324","3,276","3,408","2,658","2,734","2,856","3,444","3,355","2,761","2,896","2,940","3,041"
E08000014,Sefton,"5,610","5,690","6,133","7,030","6,207","6,640","6,156","5,476","5,509","5,523","5,416","5,422","5,054","5,231","4,986","4,914","5,013","4,845","4,596","4,736","4,742"
E07000031,South Lakeland,"1,595","1,709","1,807","1,906","2,025","1,956","2,082","2,062","2,137","2,010","2,038","2,053","2,102","2,108","2,093","1,979","2,019","1,913","1,830",[x],[x]
E07000126,South Ribble,"1,025",918,"1,276","1,302","1,358","1,355","1,330","1,462","1,545","1,573","1,418","1,399","1,323","1,323","1,387","1,404","1,346","1,273","1,306","1,456","1,380"
E08000013,St. Helens,"2,579","2,338","2,458","2,542","2,592","2,788","2,639","2,565","2,484","2,575","2,396","2,509","2,404","2,436","2,492","2,497","2,586","2,317","2,334","2,138","2,093"
E08000007,Stockport,"2,977","3,102","3,521","3,546","3,830","3,748","3,489","3,368","3,437","3,571","3,283","3,168","2,950","3,087","3,305","3,647","3,852","3,329","3,440","3,686","3,472"
E08000008,Tameside,"3,976","4,331","4,404","4,339","4,594","4,189","3,799","3,673","3,380","2,935","2,957","2,549","2,566","2,588","2,662","2,402","2,347","2,279","2,394","2,629","2,597"
E08000009,Trafford,"3,844","3,363","2,861","3,068","3,359","3,084","2,751","2,951","2,632","2,452","2,061","2,176","2,337","2,321","2,428","2,645","2,658","2,851","3,256","3,277","3,297"
E07000018,Vale Royal,"1,290","1,551","1,218","1,340","1,479",[x],[x],[x],[x],[x],[x],[x],[x],[x],[x],[x],[x],[x],[x],[x],[x]
E06000007,Warrington,"2,460","2,954","3,052","2,333","2,793","2,443","2,312","2,237","2,349","1,993","2,362","2,332","2,004","1,883","1,982","1,960","1,925","1,769","1,721","1,836","2,046"
E07000127,West Lancashire,"1,386","1,471","1,515","1,477","1,413","1,503","1,554","1,632","1,603","1,670","1,559","1,390","1,580","1,482","1,431","1,227","1,454","1,302","1,458","1,420","1,598"
E06000064,Westmorland and Furness,[x],[x],[x],[x],[x],[x],[x],[x],[x],[x],[x],[x],[x],[x],[x],[x],[x],[x],[x],"5,128","4,784"
E08000010,Wigan,"3,807","4,219","4,821","5,014","5,572","5,504","5,202","5,324","5,190","4,970","4,520","4,126","4,118","4,227","4,365","4,402","4,526","4,249","4,344","4,306","4,034"
E08000015,Wirral,"5,825","5,959","5,995","6,346","6,282","6,360","6,318","5,935","5,871","5,424","5,158","4,989","4,941","4,649","4,955","4,722","4,858","4,630","4,506","4,340","4,281"
E07000128,Wyre,"1,196","1,415","1,491","1,846","1,816","1,966","1,878","1,984","1,925","1,784","1,619","1,548","1,275",931,946,774,876,810,905,890,918
E12000003,Yorkshire and The Humber,"86,300","85,686","90,947","101,091","102,582","98,604","92,819","91,478","88,933","81,322","77,117","74,841","72,453","73,728","75,656","76,191","75,188","72,955","75,135","77,675","79,379"
E08000016,Barnsley,"2,968","3,617","3,564","3,914","4,784","4,519","4,582","4,496","4,210","3,839","3,321","2,987","3,036","2,770","2,868","2,760","2,911","2,639","2,597","2,638","2,916"
E08000032,Bradford,"10,887","11,115","11,174","13,695","13,741","13,720","12,070","11,210","10,548","10,277","9,778","9,277","8,914","8,751","8,765","8,737","7,803","7,559","7,289","7,333","7,412"
E08000033,Calderdale,"3,987","4,527","4,781","5,280","5,597","5,088","4,580","4,202","4,235","4,048","3,863","3,731","3,943","3,752","3,746","3,143","3,363","3,153","3,190","3,085","2,977"
E07000163,Craven,792,810,885,915,995,950,768,944,931,949,940,"1,007",938,751,900,761,750,725,811,[x],[x]
E08000017,Doncaster,"5,043","5,337","5,866","6,057","5,738","5,384","4,977","5,218","5,346","4,505","4,281","4,386","4,197","4,138","4,224","4,230","4,157","3,803","4,053","4,419","4,621"
E06000011,East Riding of Yorkshire,"4,044","4,311","4,778","6,193","5,906","5,457","5,264","5,315","5,520","5,183","5,088","4,693","4,553","4,337","4,474","4,372","4,383","4,156","4,348","4,734","4,828"
E07000164,Hambleton,837,"1,013","1,079","1,173","1,224","1,154","1,129","1,225","1,222","1,138","1,194","1,226","1,222","1,397","1,376","1,415","1,446","1,313","1,335",[x],[x]
E07000165,Harrogate,"2,346","2,312","2,335","2,501","2,638","2,563","2,577","2,566","2,499","2,312","2,219","2,300","2,086","2,230","2,208","2,301","2,315","2,102","2,253",[x],[x]
E06000010,"Kingston upon Hull, City of","6,169","5,903","6,378","8,902","7,671","6,760","5,473","6,089","5,889","5,223","5,334","4,995","4,605","4,425","4,732","4,694","4,665","4,370","4,554","4,469","4,767"
E08000034,Kirklees,"6,207","6,031","6,716","7,435","7,922","7,979","7,370","7,491","7,388","6,578","6,151","5,365","4,795","5,462","5,698","7,293","6,274","5,929","5,952","5,559","6,589"
E08000035,Leeds,"16,164","14,074","15,093","14,324","14,631","14,828","14,057","13,946","13,307","11,853","10,724","10,135","9,706","10,263","10,362","9,899","10,640","11,666","11,861","12,024","12,334"
E06000012,North East Lincolnshire,"2,727","2,529","2,511","3,315","3,216","2,926","2,978","2,976","3,076","2,894","3,072","3,133","3,097","3,167","3,158","3,142","2,988","2,819","2,869","3,090","3,220"
E06000013,North Lincolnshire,"2,035","2,159","2,369","2,380","2,400","2,588","2,511","2,651","2,659","2,590","2,524","2,341","2,327","2,280","2,393","2,360","2,170","2,246","2,213","2,619","2,464"
E06000065,North Yorkshire,[x],[x],[x],[x],[x],[x],[x],[x],[x],[x],[x],[x],[x],[x],[x],[x],[x],[x],[x],"10,189","9,475"
E07000166,Richmondshire,555,680,722,819,809,790,755,689,866,825,822,855,834,816,859,777,759,736,793,[x],[x]
E08000018,Rotherham,"2,860","2,858","3,285","3,807","3,953","3,850","3,750","3,792","3,764","3,441","3,250","3,265","3,067","2,955","2,990","3,041","3,068","2,817","3,114","3,110","3,277"
E07000167,Ryedale,579,596,736,827,911,976,964,917,899,844,720,709,716,657,684,797,963,853,824,[x],[x]
E07000168,Scarborough,"1,711","1,933","2,120","2,307","2,366","2,374","2,426","2,333","2,259","2,012","2,057","2,241","2,187","2,200","2,216","2,056","1,932","1,801","2,040",[x],[x]
E07000169,Selby,918,"1,123","1,156","1,273","1,315","1,157","1,124","1,163","1,187",968,"1,031",932,"1,031","1,090","1,151","1,080","1,018",977,"1,088",[x],[x]
E08000019,Sheffield,"8,884","8,182","8,248","8,554","8,894","8,188","8,147","7,699","6,714","6,156","5,583","6,092","5,724","6,209","6,387","6,606","6,404","6,763","7,116","7,301","7,423"
E08000036,Wakefield,"4,795","4,822","5,033","5,585","6,101","5,862","5,847","5,256","5,119","4,500","4,318","4,327","4,324","4,310","4,402","4,535","4,595","4,136","4,314","4,366","4,426"
E06000014,York,"1,792","1,754","2,118","1,835","1,770","1,491","1,470","1,300","1,295","1,187",847,844,"1,151","1,768","2,063","2,192","2,584","2,392","2,521","2,739","2,650"
E12000004,East Midlands,"59,087","63,225","65,458","70,084","71,488","70,488","67,480","66,406","64,503","57,317","55,737","54,270","52,609","52,562","55,755","56,909","58,109","57,315","59,581","61,698","64,609"
E07000032,Amber Valley,"2,012","2,056","2,072","2,160","2,296","1,965","2,041","2,000","1,852","1,828","1,746","1,853","1,828","1,932","1,982","1,954","1,902","1,934","1,940","2,007","2,277"
E07000170,Ashfield,"1,630","1,822","1,843","1,836","1,963","2,011","2,026","1,991","1,903","1,636","1,529","1,591","1,544","1,362","1,356","1,418","1,271","1,312","1,335","1,343","1,506"
E07000171,Bassetlaw,"1,925","1,735","2,032","2,207","2,111","2,090","1,898","2,032","1,933","2,465","1,760","1,637","1,566","1,568","1,555","1,677","1,696","1,634","1,902","2,162","2,178"
E07000129,Blaby,830,949,"1,100","1,070","1,083",999,985,978,"1,052",835,802,777,865,824,843,944,908,815,910,894,"1,058"
E07000033,Bolsover,"1,355","1,420","1,421","1,472","1,600","1,718","1,707","1,742","1,666","1,464","1,450","1,431","1,425","1,359","1,429","1,459","1,436","1,366","1,403","1,490","1,693"
E07000136,Boston,702,489,537,814,889,941,903,845,783,615,595,514,578,551,612,638,710,632,774,699,828
E07000172,Broxtowe,"1,203","1,323","1,559","1,619","1,582","1,460","1,491","1,526","1,499","1,317","1,335","1,245","1,209","1,250","1,258","1,222","1,358","1,311","1,377","1,339","1,433"
E07000130,Charnwood,"1,567","1,743","1,337","1,390","1,962","1,833","1,735","1,773","1,631","1,462","1,527","1,559","1,578","1,337","1,546","1,311","1,555","1,577","1,689","1,787","1,909"
E07000034,Chesterfield,"1,412","1,297","1,334","1,575","1,634","1,699","1,550","1,556","1,527","1,660","1,651","1,530","1,571","1,586","1,625","1,618","1,529","1,507","1,636","1,810","1,990"
E07000150,Corby,799,828,976,772,704,708,598,567,529,252,131,116,95,106,106,135,165,[x],[x],[x],[x]
E07000151,Daventry,864,676,583,682,708,646,686,627,658,574,425,344,322,363,376,392,451,[x],[x],[x],[x]
E06000015,Derby,"4,923","4,701","4,885","5,571","4,600","4,373","4,537","3,970","3,727","3,426","3,230","2,924","2,955","3,072","3,007","3,064","3,313","3,118","3,091","3,250","3,485"
E07000035,Derbyshire Dales,"1,040","1,189","1,322","1,359","1,353","1,320","1,400","1,429","1,358","1,410","1,400","1,471","1,404","1,304","1,280","1,281","1,305","1,127","1,246","1,375","1,398"
E07000137,East Lindsey,"2,143","2,402","2,525","2,668","2,910","2,981","2,858","2,852","2,860","2,462","2,253","2,305","2,225","2,220","2,390","2,470","2,429","2,305","2,419","2,577","2,847"
E07000152,East Northamptonshire,"1,159","1,139","1,128","1,263","1,303","1,435","1,145","1,130","1,016",833,939,950,946,"1,014","1,161","1,070",956,[x],[x],[x],[x]
E07000036,Erewash,"1,361","1,535",577,"1,728","1,768","1,831","1,833","1,835","1,929","1,707","1,691","1,650","1,488","1,560","1,624","1,735","1,751","1,636","1,655","1,671","1,761"
E07000173,Gedling,"1,253","1,314","1,665","1,821","1,901","1,764","1,815","1,737","1,769","1,433","1,341","1,282","1,236","1,343","1,313","1,364","1,412","1,264","1,357","1,436","1,484"
E07000131,Harborough,[x],871,837,"1,022","1,187","1,111","1,174","1,177","1,122",965,995,954,894,938,931,"1,017","1,138","1,000","1,006","1,122","1,126"
E07000037,High Peak,949,"1,103","1,291","1,416","1,411","1,459","1,441","1,458","1,512","1,391","1,490","1,424","1,320","1,274","1,331","1,284","1,312","1,209","1,279","1,367","1,380"
E07000132,Hinckley and Bosworth,"1,046","1,196","1,315","1,401","1,504","1,413","1,425","1,368","1,390","1,303","1,213","1,246","1,163","1,054","1,267","1,266","1,130","1,047","1,137","1,249","1,229"
E07000153,Kettering,"1,205","1,288","1,486","1,384","1,526","1,584","1,369","1,312","1,230","1,041","1,000",965,965,962,"1,118","1,130","1,115",[x],[x],[x],[x]
E06000016,Leicester,"4,820","5,459","4,895","5,310","5,046","5,087","4,520","4,678","4,882","4,116","4,202","3,727","3,605","3,650","3,975","4,013","4,175","4,532","4,765","4,557","4,505"
E07000138,Lincoln,"1,242","1,543","1,507","1,681","1,687","1,602","1,501","1,501","1,626","1,326","1,484","1,389","1,230","1,278","1,340","1,407","1,325","3,085","1,568","1,747","1,777"
E07000174,Mansfield,"1,896","2,061","2,029","1,938","1,914","1,977","1,811","1,943","1,844","1,645","1,587","1,461","1,493","1,459","1,477","1,480","1,592","1,395","1,276","1,370","1,394"
E07000133,Melton,438,497,532,533,612,653,602,580,583,477,446,398,402,375,406,476,580,492,610,623,665
E07000175,Newark and Sherwood,"1,720","1,568","1,857","2,049","2,155","2,020","2,052","1,934","1,926","1,684","1,686","1,517","1,488","1,496","1,508","1,599","1,576","1,622","1,698","1,742","1,864"
E07000038,North East Derbyshire,961,"1,064","1,168","1,243","1,115","1,257","1,180","1,272","1,178","1,359","1,321","1,379","1,141","1,154","1,327","1,292","1,395","1,267","1,355","1,502","1,510"
E07000139,North Kesteven,"1,259","1,284","1,352","1,437","1,516","1,473","1,442","1,589","1,458","1,170","1,175","1,277","1,160","1,253","1,214","1,291","1,340","1,327","1,211","1,321","1,501"
E07000134,North West Leicestershire,933,983,"1,623","1,183","1,245","1,331","1,292","1,289","1,300","1,283","1,196","1,183","1,132","1,131","1,202","1,129","1,043",967,"1,030","1,009","1,198"
E06000061,North Northamptonshire,[x],[x],[x],[x],[x],[x],[x],[x],[x],[x],[x],[x],[x],[x],[x],[x],[x],"2,910","3,386","3,641","4,027"
E07000154,Northampton,"2,907","2,896","3,014","3,090","3,541","3,393","3,047","2,726","2,442","2,069","1,957","1,884","1,996","2,020","2,122","2,471","2,398",[x],[x],[x],[x]
E06000018,Nottingham,"4,951","5,163","5,855","6,306","5,809","5,820","5,116","4,572","4,248","3,409","3,954","4,166","3,819","3,621","4,116","4,013","4,373","4,148","4,559","4,267","4,602"
E07000135,Oadby and Wigston,553,588,532,545,608,495,549,666,620,575,555,593,506,493,512,527,583,530,540,591,526
E07000176,Rushcliffe,"1,156","1,363","1,431","1,612","1,580","1,412","1,353","1,375","1,270","1,130","1,064","1,147","1,128","1,169","1,231","1,230","1,209","1,181","1,280","1,389","1,359"
E06000017,Rutland,282,497,540,501,549,538,540,555,580,491,462,512,487,476,553,485,530,482,502,578,575
E07000039,South Derbyshire,"1,145","1,247","1,255","1,258","1,400","1,216","1,208","1,187","1,109",997,"1,008","1,046","1,053","1,022","1,050","1,080","1,228","1,206","1,280","1,321","1,296"
E07000140,South Holland,848,804,795,897,967,983,880,"1,007","1,065",922,866,882,796,906,"1,004","1,100","1,138",977,"1,086","1,173","1,257"
E07000141,South Kesteven,"1,555","1,663","1,769","1,661","2,014","1,942","1,943","1,937","1,972","1,541","1,528","1,551","1,526","1,587","1,838","1,804","1,771","1,606","1,706","1,915","1,885"
E07000155,South Northamptonshire,785,"1,020",826,893,871,966,947,831,752,750,624,482,450,473,624,759,749,[x],[x],[x],[x]
E07000156,Wellingborough,779,804,846,939,940,"1,131","1,079",930,851,714,699,619,706,749,844,837,874,[x],[x],[x],[x]
E07000142,West Lindsey,"1,479","1,645","1,807","1,778","1,924","1,851","1,801","1,929","1,851","1,580","1,420","1,289","1,314","1,271","1,302","1,467","1,388","1,231","1,409","1,477","1,598"
E06000062,West Northamptonshire,[x],[x],[x],[x],[x],[x],[x],[x],[x],[x],[x],[x],[x],[x],[x],[x],[x],"3,563","4,164","3,897","3,488"
E12000005,West Midlands,"80,944","77,435","79,208","80,401","83,320","77,812","74,876","73,452","72,836","65,490","63,991","63,181","60,559","62,919","64,309","66,322","70,024","69,135","72,048","74,665","74,852"
E08000025,Birmingham,"22,174","16,235","15,741","14,710","14,694","13,573","13,155","11,924","12,128","9,239","9,523","10,130","10,184","10,386","10,333","10,999","12,654","12,585","13,251","13,400","13,162"
E07000182,Bridgnorth,637,654,760,767,816,[x],[x],[x],[x],[x],[x],[x],[x],[x],[x],[x],[x],[x],[x],[x],[x]
E07000234,Bromsgrove,827,908,953,907,984,"1,026","1,018","1,000","1,018",963,934,875,695,822,"1,024",915,"1,033","1,095","1,057","1,050",967
E07000192,Cannock Chase,739,853,"1,030",963,"1,175","1,348","1,390","1,067","1,087","1,127","1,037",996,"1,067","1,090","1,151","1,136","1,024",996,"1,078","1,033","1,014"
E08000026,Coventry,"4,779","4,585","4,225","4,429","4,629","4,181","4,167","3,943","4,163","3,632","3,300","3,233","3,189","3,615","3,569","3,830","4,100","4,097","4,355","3,930","3,834"
E08000027,Dudley,"3,360","3,513","3,827","3,976","4,030","3,907","3,857","4,011","4,076","3,788","3,680","3,720","3,378","3,678","3,507","3,448","3,478","3,488","3,661","3,867","4,088"
E07000193,East Staffordshire,"1,657","1,576","1,525","1,703","1,803","1,821","1,735","1,734","1,670","1,531","1,552","1,372","1,288","1,334","1,366","1,459","1,500","1,437","1,416","1,596","1,602"
E06000019,"Herefordshire, County of","2,166","2,198","2,375","2,430","2,582","2,579","2,173","2,152","2,037","1,720","1,295","1,237","1,010",976,947,"1,136","1,142","1,318","2,192","2,506","2,475"
E07000194,Lichfield,"1,013","1,012","1,140","1,121","1,195","1,161","1,209","1,258","1,113","1,014","1,041",985,"1,000","1,059","1,063","1,117","1,212","1,170","1,232","1,325","1,266"
E07000235,Malvern Hills,843,907,945,"1,175","1,066","1,034","1,176","1,119","1,158",963,"1,028","1,042",894,"1,041",987,"1,121","1,165","1,070","1,022","1,167","1,313"
E07000195,Newcastle-under-Lyme,"1,713","1,839","2,050","2,100","2,226","1,952","1,858","1,829","1,917","1,744","1,859","1,602","1,317","1,450","1,156","1,151","1,197","1,902","1,567","1,688","1,639"
E07000183,North Shropshire,698,807,855,900,"1,035",[x],[x],[x],[x],[x],[x],[x],[x],[x],[x],[x],[x],[x],[x],[x],[x]
E07000218,North Warwickshire,791,882,932,694,699,870,906,908,814,782,701,648,612,630,692,807,858,795,808,821,911
E07000219,Nuneaton and Bedworth,"1,447","1,607","1,699","1,611","1,879","1,876","1,753","1,795","1,648","1,593","1,602","1,575","1,460","1,537","1,639","1,659","1,732","1,719","1,621","1,734","1,703"
E07000184,Oswestry,577,539,484,516,570,[x],[x],[x],[x],[x],[x],[x],[x],[x],[x],[x],[x],[x],[x],[x],[x]
E07000236,Redditch,806,881,940,968,930,882,792,858,762,711,742,720,546,625,689,735,795,834,821,774,737
E07000220,Rugby,"1,105","1,222","1,399","1,294","1,448","1,436","1,145","1,153","1,111","1,089","1,074","1,049","1,078","1,156","1,442","1,582","1,601","1,519","1,449","1,520","1,615"
E08000028,Sandwell,"4,982","5,135","5,086","5,251","5,694","5,013","5,140","5,043","4,826","4,380","4,051","3,812","3,264","3,420","3,827","3,789","4,262","4,188","4,118","4,172","4,402"
E07000185,Shrewsbury and Atcham,"1,029",925,"1,039","1,109","1,140",[x],[x],[x],[x],[x],[x],[x],[x],[x],[x],[x],[x],[x],[x],[x],[x]
E06000051,Shropshire,[x],[x],[x],[x],[x],"4,370","4,489","4,604","4,673","4,891","4,404","4,317","4,356","4,375","4,460","4,322","4,262","3,979","4,139","4,738","4,724"
E08000029,Solihull,"2,511","2,496","2,591","2,511","2,565","1,651","1,579","1,590","1,480","1,056",899,962,885,984,"1,030","1,199","1,355","1,505","1,673","1,714","1,719"
E07000186,South Shropshire,675,749,803,940,936,[x],[x],[x],[x],[x],[x],[x],[x],[x],[x],[x],[x],[x],[x],[x],[x]
E07000196,South Staffordshire,981,"1,015","1,082","1,069","1,147","1,226","1,272","1,218","1,264","1,077","1,118","1,124","1,068","1,042","1,079","1,112","1,096","1,097","1,158","1,109","1,199"
E07000197,Stafford,"1,429","1,538","1,648","1,617","1,604","1,656","1,590","1,720","1,679","1,680","1,797","1,875","1,927","1,915","1,962","1,958","1,817","1,722","1,747","1,788","1,885"
E07000198,Staffordshire Moorlands,882,"1,423","1,567","1,640","1,686","1,775","1,727","1,816","1,793","1,635","1,565","1,555","1,538","1,536","1,608","1,472","1,475","1,321","1,385","1,557","1,514"
E06000021,Stoke-on-Trent,"5,116","5,160","5,305","5,774","6,362","5,688","4,809","5,196","5,011","4,498","4,482","4,527","4,552","4,823","4,331","4,409","4,599","4,429","4,703","4,620","4,156"
E07000221,Stratford-on-Avon,"1,797","2,047","1,908","1,930","1,948","1,781","1,706","1,591","1,497","1,457","1,513","1,646","1,739","1,699","2,011","2,142","2,382","1,966","2,198","2,267","2,287"
E07000199,Tamworth,499,601,595,683,756,793,673,734,628,579,656,613,700,697,682,737,777,740,682,769,712
E06000020,Telford and Wrekin,"1,532","1,337","1,440","1,487","1,679","1,774","1,922","2,090","2,049","1,953","1,816","1,993","2,083","2,069","2,039","2,088","1,979","1,931","2,065","2,255","2,311"
E08000030,Walsall,"4,596","4,503","4,771","4,880","4,911","3,611","3,642","3,681","3,783","3,386","3,459","2,835","2,546","2,381","2,651","2,661","2,874","2,949","3,237","3,101","3,290"
E07000222,Warwick,"1,369","1,393","1,582","1,721","1,796","1,733","1,508","1,423","1,350","1,366","1,351","1,364","1,503","1,570","1,816","2,004","2,210","2,132","2,198","2,157","2,064"
E08000031,Wolverhampton,"4,899","5,110","5,153","5,136","4,930","4,739","4,368","3,989","4,079","3,867","3,730","3,759","3,128","3,268","3,376","3,454","3,430","3,282","3,272","3,455","3,417"
E07000237,Worcester,943,"1,036","1,025","1,171","1,313","1,348","1,216","1,261","1,369","1,214","1,174","1,180","1,204","1,274","1,245","1,166","1,251","1,247","1,204","1,345","1,433"
E07000238,Wychavon,"1,136","1,313","1,333","1,669","1,535","1,469","1,392","1,322","1,346","1,201","1,204","1,219","1,170","1,271","1,425","1,510","1,495","1,406","1,415","1,755","1,851"
E07000239,Wyre Forest,"1,236","1,436","1,400","1,549","1,557","1,539","1,509","1,423","1,307","1,354","1,404","1,216","1,178","1,196","1,202","1,204","1,269","1,216","1,324","1,452","1,562"
E12000006,East of England,"65,665","66,799","68,509","69,107","72,773","73,148","69,651","68,835","69,054","61,741","58,197","57,336","57,139","58,831","64,009","65,851","68,967","66,269","69,990","74,390","78,476"
E07000200,Babergh,905,"1,006","1,071","1,148","1,180","1,123","1,015",969,"1,029",951,853,867,817,905,911,952,996,856,947,"1,024","1,044"
E07000066,Basildon,"1,450","1,617","1,695","1,526","1,594","1,784","1,521","1,544","1,795","1,738","1,443","1,414","1,546","1,369","1,445","1,548","1,652","1,697","1,656","1,693","1,737"
E06000055,Bedford,[x],[x],[x],[x],[x],"2,171","1,841","1,925","2,060","1,781","1,684","1,628","1,557","1,885","2,033","1,970","2,028","1,929","2,083","2,115","2,341"
E07000002,Bedford,"2,341","2,270","1,935","2,024","2,040",[x],[x],[x],[x],[x],[x],[x],[x],[x],[x],[x],[x],[x],[x],[x],[x]
E07000067,Braintree,"1,714","1,724","1,842","1,850","1,901","1,947","1,821","1,711","1,652","1,549","1,601","1,599","1,485","1,464","1,610","1,706","1,684","1,886","1,987","2,277","2,522"
E07000143,Breckland,"1,566","1,684","1,703","1,637","1,856","1,766","1,707","1,635","1,728","1,515","1,428","1,372","1,382","1,305","1,382","1,474","1,560","1,304","1,524","1,684","1,642"
E07000068,Brentwood,622,662,764,688,712,753,787,739,760,603,589,729,807,874,959,909,"1,070","1,083","1,174","1,308","1,259"
E07000144,Broadland,"1,095","1,174","1,262","1,370","1,469","1,366","1,296","1,186","1,215","1,223","1,091","1,130","1,044","1,034",942,"1,094","1,048",910,"1,083","1,279","1,549"
E07000095,Broxbourne,923,805,687,650,603,643,730,691,702,618,559,584,622,542,687,728,708,651,648,787,793
E07000008,Cambridge,"1,428","1,357","1,323","1,451","1,390","1,222","1,172","1,214","1,280","1,345","1,315","1,310","1,251","1,634","1,601","1,365","1,424","1,437","1,451","1,232","1,391"
E07000069,Castle Point,664,712,811,862,877,916,906,"1,031","1,034",950,799,758,758,847,907,974,958,914,976,"1,121","1,207"
E06000056,Central Bedfordshire,[x],[x],[x],[x],[x],"3,071","3,039","3,240","3,028","2,219","2,113","2,102","2,239","2,331","2,697","3,141","3,184","3,031","3,083","3,267","3,539"
E07000070,Chelmsford,"1,274","1,489","1,551","1,703","1,706","1,674","1,623","1,455","1,555","1,372","1,302","1,278","1,303","1,475","1,627","1,616","1,664","1,522","1,636","1,815","1,928"
E07000071,Colchester,"1,824","1,911","1,936","1,958","2,261","2,034","1,888","2,024","1,910","1,869","1,737","1,641","1,568","1,748","1,949","1,975","1,946","1,884","1,913","2,048","2,093"
E07000096,Dacorum,"1,841","1,719","1,627","1,657","1,612","1,534","1,474","1,490","1,416","1,103","1,126","1,034","1,084","1,284","1,498","1,422","1,545","1,577","1,654","1,536","1,516"
E07000009,East Cambridgeshire,"1,020",784,911,902,"1,069","1,131",976,"1,034","1,002",799,840,761,805,798,936,852,"1,118","1,038","1,156","1,201","1,270"
E07000242,East Hertfordshire,"1,173","1,180","1,168","1,150","1,309","1,470","1,548","1,435","1,430","1,262","1,130","1,187","1,225","1,031","1,080","1,104","1,205","1,202","1,303","1,505","1,481"
E07000244,East Suffolk,[x],[x],[x],[x],[x],[x],[x],[x],[x],[x],[x],[x],[x],[x],[x],"3,223","3,505","3,018","3,272","3,364","3,464"
E07000072,Epping Forest,"1,775","1,837","1,704","1,445","1,500","1,501","1,575","1,626","1,562","1,476","1,391","1,365","1,440","1,425","1,515","1,581","1,515","1,431","1,478","1,577","1,675"
E07000010,Fenland,"1,372","1,085","1,045","1,187","1,308","1,261","1,174","1,156","1,142","1,152","1,116","1,066","1,010","1,050","1,165","1,195","1,286","1,130","1,103","1,176","1,257"
E07000201,Forest Heath,749,774,907,897,958,"1,135","1,098","1,038","1,051",886,897,836,812,844,957,[x],[x],[x],[x],[x],[x]
E07000145,Great Yarmouth,"1,090","1,307","1,369","1,403","1,527","1,743","1,724","1,709","1,656","1,622","1,679","1,708","1,621","1,527","1,418","1,458","1,480","1,347","1,442","1,423","1,525"
E07000073,Harlow,627,632,598,561,595,544,579,687,684,563,478,631,580,771,844,789,982,914,960,910,"1,208"
E07000098,Hertsmere,"1,006","1,054","1,008","1,012",921,934,835,836,915,906,851,939,953,"1,125","1,205","1,249","1,421","1,554","1,467","1,296","1,305"
E07000011,Huntingdonshire,"1,394","1,669","1,673","1,649","1,854","1,874","1,826","1,867","1,765","1,584","1,561","1,395","1,405","1,482","1,532","1,779","1,862","1,770","1,734","1,988","1,947"
E07000202,Ipswich,"1,593","1,890","1,836","2,262","2,490","2,427","1,909","1,918","1,750","1,483","1,365","1,430","1,223","1,215","1,343","1,371","1,553","1,539","1,511","1,703","1,747"
E07000146,King's Lynn and West Norfolk,"2,046","2,179","2,446","2,501","2,667","2,700","2,654","2,646","2,663","2,372","2,293","2,235","2,279","2,291","2,391","2,566","2,496","2,452","2,667","2,983","3,052"
E06000032,Luton,"2,019","2,163","2,396","2,180","2,182","2,142","2,219","2,101","2,060","1,718","1,267","1,373","1,684","1,328","1,724","1,729","1,828","1,945","2,349","2,834","2,753"
E07000074,Maldon,561,711,743,762,780,692,687,675,633,636,654,594,539,534,544,574,669,560,662,769,772
E07000001,Mid Bedfordshire,"1,465","1,375","1,398","1,460","1,781",[x],[x],[x],[x],[x],[x],[x],[x],[x],[x],[x],[x],[x],[x],[x],[x]
E07000203,Mid Suffolk,"1,129","1,150",766,818,921,"1,003","1,062","1,076","1,188","1,062",934,940,868,839,908,956,"1,041",983,"1,034","1,161","1,207"
E07000099,North Hertfordshire,"1,197","1,249","1,323","1,347","1,375","1,526","1,369","1,377","1,449","1,249","1,116","1,157","1,099","1,219","1,289","1,223","1,277","1,481","1,586","1,494","1,549"
E07000147,North Norfolk,"2,091","1,619","1,668","1,831","2,136","2,063","1,949","1,962","1,974","1,858","1,765","1,764","1,626","1,559","1,646","1,707","1,603","1,508","1,614","1,717","1,906"
E07000148,Norwich,"1,965","2,011","2,041","2,187","2,171","2,191","1,948","1,757","1,691","1,614","1,545","1,453","1,469","1,622","1,702","1,669","1,937","1,942","2,265","2,373","2,488"
E06000031,Peterborough,"1,809","1,780","2,125","2,179","2,517","2,590","2,388","2,099","1,874","1,716","1,807","1,701","1,624","1,594","1,688","1,950","2,215","2,011","1,928","2,116","2,351"
E07000075,Rochford,804,812,976,967,999,987,964,902,863,881,629,679,623,722,789,749,786,803,846,948,980
E07000003,South Bedfordshire,"1,402","1,398","1,463","1,413","1,396",[x],[x],[x],[x],[x],[x],[x],[x],[x],[x],[x],[x],[x],[x],[x],[x]
E07000012,South Cambridgeshire,"1,764","1,486","1,538","1,642","1,593","1,528","1,525","1,466","1,623","1,502","1,465","1,417","1,376","1,518","1,762","1,791","1,921","1,703","1,878","1,985","2,161"
E07000149,South Norfolk,"1,166","1,290","1,210","1,298","1,703","1,577","1,560","1,503","1,513","1,409","1,408","1,252","1,227","1,341","1,418","1,302","1,213","1,269","1,491","1,728","1,884"
E06000033,Southend-on-Sea,"2,510","2,711","2,772","2,515","2,524","2,566","2,483","2,747","2,676","2,376","2,277","2,147","2,107","1,887","2,067","2,338","2,154","1,993","2,206","2,040","2,216"
E07000240,St Albans,"1,535","1,313","1,471","1,446","1,348","1,317","1,361","1,441","1,468",854,"1,261","1,230","1,278","1,331","1,474","1,589","1,600","1,418","1,514","1,458","1,665"
E07000204,St Edmundsbury,"1,033",803,917,949,"1,019","1,048",922,"1,019","1,055","1,007","1,046","1,017",969,975,"1,054",[x],[x],[x],[x],[x],[x]
E07000243,Stevenage,639,727,729,745,685,858,760,682,623,547,507,424,563,492,551,623,642,670,725,778,868
E07000205,Suffolk Coastal,"1,935","1,831","1,879","1,789","1,902","1,853","1,887","1,920","1,982","1,878","1,721","1,625","1,626","1,459","1,678",[x],[x],[x],[x],[x],[x]
E07000076,Tendring,"2,328","2,579","2,842","2,838","2,972","2,720","2,461","2,419","2,560","2,338","2,202","1,960","1,867","2,020","2,343","2,470","2,672","2,412","2,456","2,512","2,633"
E07000102,Three Rivers,744,813,837,816,871,829,740,605,650,582,456,550,616,751,762,769,804,770,770,716,724
E06000034,Thurrock,"1,411","1,856","1,993","1,903","1,799","1,875","1,732","1,710","1,805","1,616","1,497","1,484","1,407","1,493","1,725","1,601","1,575","1,847","1,938","1,850","1,931"
E07000077,Uttlesford,898,"1,013",869,885,910,964,888,844,880,826,741,745,770,750,861,813,794,809,945,"1,004","1,158"
E07000103,Watford,"1,054","1,016","1,093","1,006","1,043","1,074","1,063",646,725,600,440,595,735,937,949,"1,055","1,014","1,056",899,"1,232","1,303"
E07000206,Waveney,"1,846","1,939","1,911","1,973","2,123","2,243","2,204","2,220","2,141","1,838","1,513","1,588","1,512","1,458","1,579",[x],[x],[x],[x],[x],[x]
E07000241,Welwyn Hatfield,868,633,677,665,624,778,761,858,837,693,705,642,738,746,862,873,"1,150","1,093",757,"1,131","1,200"
E07000245,West Suffolk,[x],[x],[x],[x],[x],[x],[x],[x],[x],[x],[x],[x],[x],[x],[x],"2,029","2,182","1,920","2,219","2,232","2,235"
E12000007,London,"86,733","85,571","86,701","84,627","84,126","85,062","79,971","74,310","72,101","59,313","56,715","59,881","58,096","62,366","67,055","71,666","80,295","87,731","89,508","87,763","93,602"
E09000002,Barking and Dagenham,"1,623","1,906","2,477","2,064","1,650","1,643","1,570","1,578","1,631","1,484","1,382","1,154",752,822,998,921,"1,261","1,545","1,436","1,428","1,576"
E09000003,Barnet,"3,607","3,767","3,486","3,320","4,036","3,652","3,679","3,201","3,016","2,549","2,362","2,638","2,199","2,302","2,367","2,944","3,551","4,322","4,613","4,614","5,185"
E09000004,Bexley,"2,161","2,157","2,309","2,247","2,123","2,059","1,755","1,971","2,282","1,271","1,087","1,180","1,249","1,469","1,623","1,668","1,445","1,523","1,596","1,884","1,932"
E09000005,Brent,"3,568","2,764","2,482","2,736","2,271","2,268","2,350","2,370","2,328","1,130","1,181","1,073",968,"1,103","1,126","1,662","2,297","2,734","3,204","2,813","2,604"
E09000006,Bromley,"3,825","3,742","3,781","3,537","3,617","3,613","3,517","3,320","3,190","2,653","2,646","2,751","2,645","2,636","2,986","2,994","3,070","3,489","3,646","3,700","3,722"
E09000007,Camden,"3,049","2,896","2,594","2,726","2,895","2,592","2,883","2,868","2,867","2,804","2,859","2,617","2,848","3,018","3,769","3,878","4,645","4,771","4,498","4,320","4,208"
E09000001,City of London,165,123,93,122,98,72,131,88,89,107,120,86,124,252,321,311,315,275,351,316,197
E09000008,Croydon,"4,647","4,376","4,643","4,053","3,599","4,066","3,608","3,638","3,606","2,846","2,564","3,130","2,810","3,511","3,670","3,710","4,089","3,885","3,682","3,946","3,651"
E09000009,Ealing,"3,416","2,971","3,024","3,406","3,077","3,038","2,698","2,437","2,374","2,535","2,529","3,209","3,587","4,187","4,198","2,595","2,541","2,987","3,228","3,155","3,462"
E09000010,Enfield,"4,494","4,301","4,553","3,219","2,534","2,508","2,562","2,522","2,532","2,224","1,919","1,907","2,298","2,349","2,970","3,158","3,103","3,072","2,956","3,029","3,626"
E09000011,Greenwich,"3,084","3,295","3,530","3,294","3,404","3,497","3,234","3,416","2,412","2,049","1,839","1,796","1,523","1,750","1,698","1,867","1,759","2,531","2,549","2,423","2,864"
E09000012,Hackney,"3,407","3,626","3,556","3,646","3,646","3,840","3,064","3,180","2,255","2,227","2,013","2,268","2,146","1,962","1,980","2,043","2,562","2,053","2,369","2,174","2,513"
E09000013,Hammersmith and Fulham,"2,946","2,590","2,211","2,301","2,231","2,025","1,922","1,946","2,129",988,"1,078",831,837,822,696,659,751,"1,010","1,252","1,259","1,182"
E09000014,Haringey,"1,966","1,678","1,613","1,782","1,981","2,336","1,907","1,752","2,072","1,435","1,357","2,397","2,537","2,481","2,619","2,268","2,488","2,549","3,482","3,066","3,332"
E09000015,Harrow,"1,484","1,378","1,143","1,124","1,466","1,388","1,215","1,214","1,277","1,009",838,825,"1,440","1,694","1,123","1,956","2,757","2,789","2,869","2,972","2,889"
E09000016,Havering,"2,568","2,636","2,617","2,856","2,795","2,794","2,507","2,387","2,315","1,890","1,447","1,352","1,259","1,427","1,628","1,669","2,033","1,954","1,905","2,191","2,122"
E09000017,Hillingdon,"2,532","2,302","2,148","2,069","1,944","1,918","1,838","1,670","1,592","1,715","1,381","1,399","1,799","2,053","2,237","2,061","2,156","1,575","1,522","1,651","1,899"
E09000018,Hounslow,"2,125","1,870","1,593","1,578","1,506","1,486","1,601","1,164",992,"1,788","2,250","1,095",843,730,757,"1,984","2,851","3,621","3,379","3,582","3,583"
E09000019,Islington,"2,677","1,971","1,973","2,334","1,698","2,140","1,860","1,851","1,608","1,580","1,982","2,981","1,414","1,561","1,909","1,995","2,379","2,449","2,292","2,239","2,077"
E09000020,Kensington and Chelsea,"3,064","2,905","2,678","3,236","3,396","2,854","2,657","2,624","3,031","2,509","2,269","2,145","2,062","2,119","1,916","2,067","2,756","3,019","3,196","3,110","3,157"
E09000021,Kingston upon Thames,"2,394","1,913","2,181","2,199","2,183","2,104","2,122","1,404","1,179",999,"1,314","1,206","1,523","1,548","1,690","1,676","1,814","1,849","1,945","1,981","3,303"
E09000022,Lambeth,"3,291","3,017","4,125","3,480","3,780","3,898","4,290","3,591","3,395","2,190","2,025","1,980","1,446","1,724","1,910","1,849","2,303","3,620","3,469","3,553","3,815"
E09000023,Lewisham,"1,586","1,591","1,454","1,924","2,035","2,215","2,540","2,355","2,253","1,894","1,835","2,131","2,182","2,464","2,458","2,338","2,964","3,239","2,845","2,389","2,253"
E09000024,Merton,"1,362","2,086","2,084","1,423","1,731","1,750","1,684","1,649","1,755","1,190","1,321","1,249","1,189","1,436","1,430","1,498","1,881","2,287","2,431","2,550","2,857"
E09000025,Newham,"2,645","3,138","4,047","4,037","4,091","3,718","2,904","2,470","2,141","1,971","2,392","2,025","1,338","1,709","1,893","3,273","4,103","4,283","4,074","3,812","4,004"
E09000026,Redbridge,"1,992","2,277","2,755","2,830","2,353","2,489","2,186","1,926","2,011","1,513","1,162","1,293","1,241","1,359","1,735","1,875","1,913","2,176","2,362","2,394","2,664"
E09000027,Richmond upon Thames,"2,166","1,966","1,900","1,958","1,814","1,322","1,380","1,363","1,640","1,449","1,211","1,136","1,349","1,338","1,368","1,388","1,513","1,532","1,505","1,734","1,807"
E09000028,Southwark,"4,439","2,723","2,830","2,520","2,720","3,001","3,367","2,679","2,645","2,668","2,822","4,677","5,041","5,944","6,761","6,303","4,218","4,976","4,452","5,143","5,120"
E09000029,Sutton,"2,351","2,643","2,528","2,141","2,374","2,248","2,009","2,070","1,848","1,874","1,742","1,799","1,772","1,779","1,955","2,165","2,368","2,436","2,423","2,366","2,486"
E09000030,Tower Hamlets,"2,047","2,081","2,492","2,223","2,948","4,203","2,940","2,391","2,317","1,588","1,721","1,844","2,278","1,669","1,832","3,308","3,566","3,325","4,527","2,661","3,415"
E09000031,Waltham Forest,"2,078","1,924","2,092","2,383","2,261","2,246","2,131","1,870","1,908","1,338","1,122","1,143","1,280","1,467","1,782","1,791","2,112","2,429","2,337","2,454","2,564"
E09000032,Wandsworth,[x],"3,044","1,961","1,897","1,705","2,111","1,643","1,586","1,869","1,472","1,390","1,309","1,139",898,776,804,"1,076",977,880,852,"1,385"
E09000033,Westminster,"3,974","3,914","3,748","3,962","4,164","3,968","4,217","3,759","3,542","2,374","1,555","1,255",978,783,874,988,"1,655","2,449","2,233","2,002","2,148"
E12000008,South East,"97,804","100,480","102,812","101,809","102,884","103,426","98,996","99,606","98,391","89,010","84,666","82,477","84,096","86,693","92,194","96,128","98,561","96,219","99,829","105,688","109,409"
E07000223,Adur,342,521,480,554,571,568,541,528,534,452,453,429,458,544,640,624,618,585,743,791,798
E07000224,Arun,"2,104","2,137","1,456","1,514","1,876","1,805","1,971","1,857","2,113","1,951","1,724","1,641","1,629","1,669","1,816","1,931","1,732","1,836","1,753","2,153","2,230"
E07000105,Ashford,"1,096","1,262","1,443","1,431","1,306","1,228","1,246","1,221","1,163",997,"1,007","1,008",973,"1,034","1,196","1,402","1,360","1,331","1,303","1,339","1,220"
E07000004,Aylesbury Vale,"1,619","1,563","1,502","1,564","1,651","1,780","1,681","1,851","1,922","1,582","1,194","1,256","1,153","1,286","1,805","2,277",[x],[x],[x],[x],[x]
E07000084,Basingstoke and Deane,"1,497","1,407","1,547","1,517","1,741","1,696","1,625","1,442","1,353","1,387","1,438","1,423","1,490","1,494","1,609","1,651","1,845","1,722","1,772","1,997","1,861"
E06000036,Bracknell Forest,906,949,"1,022","1,036","1,133","1,206","1,118",892,936,920,832,"1,048",930,984,"1,075","1,172","1,469","1,121","1,298","1,157","1,229"
E06000043,Brighton and Hove,"4,051","3,763","3,714","3,918","3,235","3,655","3,659","4,128","3,966","3,867","4,013","3,780","4,091","4,276","4,014","4,409","4,592","4,598","5,009","5,369","5,298"
E06000060,Buckinghamshire,[x],[x],[x],[x],[x],[x],[x],[x],[x],[x],[x],[x],[x],[x],[x],[x],"6,001","6,285","5,581","5,686","5,996"
E07000106,Canterbury,"1,819","2,041","2,079","1,995","1,962","1,879","1,941","1,955","2,091","1,678","1,584","1,544","1,683","1,549","1,836","1,962","2,083","2,216","2,307","2,531","2,466"
E07000177,Cherwell,"1,231","1,249","1,450","1,478","1,598","1,689","1,599","1,743","1,508","1,198","1,215","1,210","1,363","1,274","1,308","1,447","1,554","1,526","1,497","1,466","1,491"
E07000225,Chichester,"1,683","1,352","1,356","1,382","1,549","1,495","1,518","1,494","1,452","1,399","1,009","1,010","1,086",895,"1,193",955,974,930,898,"1,020","1,156"
E07000005,Chiltern,972,"1,196",920,992,"1,005","1,100","1,081","1,079","1,123","1,051","1,022","1,019","1,042","1,164","1,109","1,152",[x],[x],[x],[x],[x]
E07000226,Crawley,380,518,644,682,769,712,699,568,564,485,540,524,645,705,667,816,850,806,753,860,832
E07000107,Dartford,"1,083",970,"1,007","1,041","1,136","1,152",993,"1,086","1,033",814,837,878,921,"1,120","1,198","1,059",985,"1,087",931,932,"1,016"
E07000108,Dover,"1,696","1,749","1,881","1,853","2,001","2,070","2,014","2,087","1,873","1,490","1,400","1,476","1,564","1,500","1,433","1,448","1,709","1,696","1,648","1,975","1,834"
E07000085,East Hampshire,888,"1,242","1,143","1,143","1,303","1,243","1,119","1,232","1,230","1,140","1,070","1,102","1,037","1,095","1,377","1,684","1,388","1,166","1,269","1,309","1,347"
E07000061,Eastbourne,"2,523","2,597","2,522","1,370","1,566","1,878","1,674","1,719","1,722","1,405","1,414","1,357","1,299","1,468","1,639","1,631","1,572","1,691","1,697","1,707","1,709"
E07000086,Eastleigh,"1,104","1,096","1,187","1,264","1,377","1,258","1,228","1,307","1,215","1,145",951,988,950,953,894,888,961,945,981,"1,104","1,193"
E07000207,Elmbridge,"2,035","1,716","1,671","1,867","1,817","1,906","1,858","1,707","1,660","1,590","1,608","1,519","1,609","1,495","1,556","1,442","1,393","1,164","1,282","1,351","1,560"
E07000208,Epsom and Ewell,640,675,671,826,819,656,614,715,747,545,617,496,500,673,642,635,751,798,723,741,789
E07000087,Fareham,941,"1,088","1,137",983,"1,058",990,947,"1,030",983,974,"1,075","1,010",889,984,"1,092","1,137","1,252","1,240","1,292","1,156","1,451"
E07000088,Gosport,"1,100","1,065","1,209","1,089","1,148","1,266","1,124","1,265","1,342","1,063","1,033",851,660,752,807,850,826,812,836,930,911
E07000109,Gravesham,"1,181","1,091","1,231","1,026",829,"1,048",998,892,862,682,728,680,778,878,882,860,915,969,833,946,827
E07000209,Guildford,"1,693","1,676","1,591","1,464","1,639","1,400","1,415","1,312","1,335","1,484","1,360","1,323","1,330","1,412","1,565","1,662","1,787","1,890","1,929","1,964","2,030"
E07000089,Hart,[x],"1,189","1,160","1,092",951,936,833,838,819,663,642,677,685,731,647,654,679,579,647,725,634
E07000062,Hastings,"3,120","2,204","2,441","2,263","2,247","2,067","1,889","1,848","1,858","1,779","1,684","1,590","1,450","1,365","1,554","1,555","1,500","1,434","1,616","1,710","1,789"
E07000090,Havant,868,"1,042","1,070","1,062","1,098","1,063","1,129","1,190","1,185","1,056",930,985,"1,002",796,806,838,838,659,748,854,870
E07000227,Horsham,929,"1,120","1,231","1,240","1,376","1,289","1,181","1,091","1,231","1,216","1,064","1,112","1,133","1,195","1,129","1,141","1,385","1,101","1,230","1,372","1,370"
E06000046,Isle of Wight,"1,956","2,078","2,305","2,480","2,586","2,647","2,475","2,496","2,534","2,571","2,386","2,272","2,209","1,820","1,456","1,400","1,312","1,435","1,559","1,763","1,849"
E07000063,Lewes,942,"1,053","1,047","1,083","1,193","1,253","1,066","1,131","1,090","1,001","1,014","1,058",953,"1,041","1,012","1,161","1,148","1,111","1,062",965,"1,300"
E07000110,Maidstone,"1,344","1,454","1,516","1,524","1,647","1,511","1,554","1,583","1,401","1,239","1,112","1,017","1,039","1,053","1,304","1,301","1,408","1,468","1,731","1,737","1,970"
E06000035,Medway,"3,312","3,435","3,549","3,632","3,588","3,561","3,587","3,710","3,478","3,375","2,991","2,910","2,763","3,161","3,393","3,749","3,639","3,362","3,112","3,111","3,404"
E07000228,Mid Sussex,"1,503","1,661","1,720","1,534","1,547","1,565","1,361","1,200","1,400","1,301","1,123","1,088","1,170","1,223","1,406","1,576","1,634","1,381","1,773","1,797","1,843"
E06000042,Milton Keynes,"2,051","2,275","2,332","2,112","2,290","2,318","2,128","2,220","2,142","1,982","1,674",863,"1,745","1,870","2,029","2,157","2,245","2,525","2,767","3,038","3,186"
E07000210,Mole Valley,866,901,916,847,977,864,842,872,802,805,816,837,792,918,"1,003",975,981,"1,016","1,007",961,933
E07000091,New Forest,"1,549","1,793","1,733","1,841","2,093","1,933","2,018","2,053","2,133","1,874","1,840","1,822","1,924","1,956","1,904","2,040","2,077","1,851","2,030","2,207","2,337"
E07000178,Oxford,"1,565","1,510","1,469","1,484","1,783","1,558","1,465","1,383","1,290","1,021",835,912,876,997,880,"1,194","1,172","1,242","1,248","1,476","2,059"
E06000044,Portsmouth,"2,206","2,527","3,003","3,174","3,299","3,347","2,737","2,805","2,712","2,623","2,635","2,586","2,238","2,397","2,940","2,830","2,850","3,333","3,015","3,119","3,702"
E06000038,Reading,"1,838","1,856","1,917","2,057","1,825","2,174","1,929","1,746","1,598","1,520","1,408","1,420","1,617","1,420","1,399","1,593","1,766","1,885","1,971","1,924","2,092"
E07000211,Reigate and Banstead,"1,570","1,366","1,215","1,072","1,289","1,277","1,344","1,495","1,494","1,289","1,143","1,177","1,308","1,418","1,428","1,385","1,443","1,513","1,595","1,575","1,459"
E07000064,Rother,"1,496","1,687","1,565","1,661","1,588","1,652","1,612","1,681","1,680","1,458","1,318","1,278","1,258","1,169","1,119","1,091",943,853,"1,003","1,183","1,151"
E07000212,Runnymede,910,772,902,787,842,906,868,777,731,657,633,633,706,765,916,"1,039","1,082",981,"1,102","1,151","1,073"
E07000092,Rushmoor,903,873,918,651,670,701,800,797,792,750,795,741,688,925,941,988,921,920,986,932,930
E07000111,Sevenoaks,"1,154","1,354","1,274","1,352","1,371","1,373","1,364","1,409","1,304","1,258","1,154","1,165","1,232","1,292","1,407","1,424","1,308","1,094","1,102","1,196","1,214"
E07000112,Folkestone and Hythe,"1,700","1,793","1,908","1,967","2,025","2,045","2,001","2,003","2,004","1,939","1,676","1,683","1,773","1,712","1,679","1,725","1,688","1,685","1,849","2,034","2,110"
E06000039,Slough,832,880,967,935,962,"1,093",969,753,622,528,530,498,655,623,843,849,793,748,909,"1,264","1,108"
E07000006,South Bucks,"1,058","1,062","1,271",713,743,705,675,711,774,683,739,766,745,867,814,791,[x],[x],[x],[x],[x]
E07000179,South Oxfordshire,"1,131","1,069","1,111","1,056","1,152","1,199","1,333","1,359","1,395","1,087","1,107","1,090","1,178","1,259","1,347","1,254","1,257","1,216","1,308","1,465","1,383"
E06000045,Southampton,"2,901","2,906","3,061","3,171","3,239","3,030","3,002","3,186","3,301","2,695","2,682","2,633","2,483","2,608","2,852","2,993","2,993","2,945","3,179","3,182","3,310"
E07000213,Spelthorne,"1,392",896,935,972,979,"1,016",987,955,901,816,803,717,711,715,811,"1,111","1,150","1,072",847,883,"1,161"
E07000214,Surrey Heath,737,777,895,791,820,787,778,737,714,534,540,572,642,736,748,940,990,960,"1,088",976,"1,101"
E07000113,Swale,"3,912","4,062","3,800","3,774","1,910","1,932","1,845","1,784","1,845","1,633","1,634","1,442","1,336","1,322","1,440","1,535","1,586","1,564","1,552","1,670","1,587"
E07000215,Tandridge,850,673,982,939,"1,057","1,021",916,947,979,833,788,772,848,902,946,880,891,644,672,767,577
E07000093,Test Valley,836,907,861,948,797,865,927,977,917,826,699,771,724,772,821,874,855,758,866,955,"1,050"
E07000114,Thanet,"2,956","2,496","2,733","3,188","3,482","3,628","3,340","3,377","3,065","2,452","2,443","2,420","2,532","2,341","2,435","2,474","2,533","2,364","2,474","2,805","2,719"
E07000115,Tonbridge and Malling,"1,058","1,099","1,205",981,"1,269","1,127","1,035","1,016","1,030","1,258","1,139","1,132","1,131","1,189","1,317",966,"1,117","1,182","1,332","1,480","1,353"
E07000116,Tunbridge Wells,"1,053","1,190","1,429","1,284","1,258","1,314","1,142","1,208","1,341","1,200","1,076","1,025","1,047","1,063","1,096","1,119","1,202","1,184","1,332","1,357","1,468"
E07000180,Vale of White Horse,972,"1,050","1,061","1,177","1,159","1,160","1,263","1,143","1,106",902,938,973,"1,013","1,016","1,117","1,036","1,076","1,006","1,094","1,240","1,364"
E07000216,Waverley,"1,582","1,627","1,799","1,731","1,788","1,691","1,496","1,553","1,491","1,472","1,456","1,330","1,537","1,493","1,604","1,683","1,792","1,555","1,769","1,807","1,750"
E07000065,Wealden,"1,448","1,595","1,643","1,653","1,782","1,683","1,673","1,805","1,826","1,696","1,578","1,666","1,592","1,545","1,638","1,686","1,851","1,602","1,768","1,788","1,737"
E06000037,West Berkshire,"1,581","1,905","1,761","2,089","1,350","1,334","1,238","1,216","1,242","1,179","1,020","1,094",911,743,802,"1,164","1,515","1,568","1,761","1,992","2,099"
E07000181,West Oxfordshire,804,846,864,"1,225","1,008","1,249","1,137","1,219","1,115","1,164","1,040","1,028","1,088","1,218","1,158","1,335","1,581","1,417","1,603","1,660","1,599"
E07000094,Winchester,"1,128","1,175","1,312","1,137","1,166","1,261","1,268","1,260","1,222","1,268","1,169","1,043","1,075","1,228","1,256","1,168","1,260","1,323","1,437","1,547","1,567"
E06000040,Windsor and Maidenhead,"1,956","1,870","1,603","1,636","1,898","1,936","1,760","1,831","1,844","1,763","1,482","1,603","1,718","1,657","1,715","1,620","1,732","1,546","1,475","1,588","1,675"
E07000217,Woking,"1,008","1,178","1,107","1,009",955,881,846,811,901,850,877,847,848,877,"1,043","1,006","1,039","1,020","1,068","1,099","1,322"
E06000041,Wokingham,"1,274","1,359","1,191","1,301","1,379","1,309","1,232","1,340","1,323","1,195","1,219","1,105","1,139","1,272","1,386","1,613","1,433","1,478","1,445","1,480","1,563"
E07000229,Worthing,"1,584","1,693","1,692","1,736","1,823","1,808","1,666","1,597","1,585","1,241","1,287","1,177","1,183","1,252","1,456","1,355","1,279","1,225","1,362","1,369","1,397"
E07000007,Wycombe,"1,385","1,299","1,475","1,459","1,534","1,677","1,622","1,383","1,447","1,059","1,423","1,375","1,319","1,567","1,844","1,766",[x],[x],[x],[x],[x]
E12000009,South West,"59,835","64,172","65,756","66,915","70,664","72,257","70,499","69,373","69,009","65,641","63,507","61,711","60,838","62,328","65,903","65,743","65,851","62,009","66,839","70,071","72,510"
E06000022,Bath and North East Somerset,"1,616","1,653","1,780","1,877","1,881","1,933","1,841","1,831","1,906","1,688","1,598","1,640","1,620","1,680","1,848","2,054","2,013","2,161","2,461","2,288","2,344"
E06000028,Bournemouth,"2,545","2,825","3,456","3,551","3,538","3,589","3,052","2,939","3,103","2,973","2,856","2,391","2,431","2,419","2,962",[x],[x],[x],[x],[x],[x]
E06000058,"Bournemouth, Christchurch and Poole",[x],[x],[x],[x],[x],[x],[x],[x],[x],[x],[x],[x],[x],[x],[x],"5,267","5,146","4,991","5,257","5,567","5,635"
E06000023,"Bristol, City of","6,242","5,614","5,262","5,090","5,217","4,890","5,069","4,519","4,294","3,583","3,773","3,591","3,768","4,422","4,442","4,004","4,233","4,238","4,914","5,251","5,003"
E07000019,Caradon,"1,114","1,269","1,256","1,337","1,588",[x],[x],[x],[x],[x],[x],[x],[x],[x],[x],[x],[x],[x],[x],[x],[x]
E07000020,Carrick,"1,172","1,214","1,314","1,516","1,604",[x],[x],[x],[x],[x],[x],[x],[x],[x],[x],[x],[x],[x],[x],[x],[x]
E07000078,Cheltenham,"1,814","1,709","1,995","1,879","2,072","1,808","1,726","1,665","1,652","1,628","1,614","1,644","1,611","1,618","1,792","1,833","1,940","1,846","1,751","1,797","1,909"
E07000048,Christchurch,691,645,657,669,722,636,637,621,595,565,560,623,555,547,577,[x],[x],[x],[x],[x],[x]
E06000052,Cornwall,[x],[x],[x],[x],[x],"9,407","9,522","9,338","8,926","8,331","8,099","8,176","7,808","7,908","7,810","7,460","7,093","6,454","6,646","7,224","7,860"
E07000079,Cotswold,"1,052","1,086","1,100","1,351","1,231","1,205","1,139","1,076","1,089",901,885,936,"1,035","1,139","1,259","1,505","1,609","1,553","1,735","1,801","1,707"
E06000059,Dorset,[x],[x],[x],[x],[x],[x],[x],[x],[x],[x],[x],[x],[x],[x],[x],"4,173","4,340","3,655","3,993","4,360","4,363"
E07000040,East Devon,"1,257","1,617","1,695","1,767","1,908","1,964","1,907","1,934","1,997","2,110","2,037","2,042","1,861","1,605","1,811","1,837","1,788","1,653","1,781","1,935","2,039"
E07000049,East Dorset,739,848,871,840,890,851,872,942,858,736,835,804,775,789,856,[x],[x],[x],[x],[x],[x]
E07000041,Exeter,644,664,737,704,783,700,708,756,668,709,774,781,"1,027","1,342","1,359","1,438","1,493","1,499","1,575","1,692","1,682"
E07000080,Forest of Dean,768,817,947,"1,039","1,170","1,300","1,287","1,243","1,254","1,273","1,178","1,199","1,053","1,061","1,080","1,061","1,120","1,084","1,206","1,205","1,251"
E07000081,Gloucester,"1,453","1,671","1,710","1,959","1,881","1,961","1,732","1,742","1,759","1,648","1,629","1,600","1,604","1,649","1,838","1,624","1,451","1,536","1,567","1,633","1,495"
E06000053,Isles of Scilly,0,0,0,0,0,9,23,23,16,8,13,8,10,7,28,42,45,43,44,44,46
E07000025,Isles of Scilly,16,10,12,11,6,[x],[x],[x],[x],[x],[x],[x],[x],[x],[x],[x],[x],[x],[x],[x],[x]
E07000230,Kennet,"1,027","1,095",981,"1,052","1,047",[x],[x],[x],[x],[x],[x],[x],[x],[x],[x],[x],[x],[x],[x],[x],[x]
E07000021,Kerrier,"1,198","1,271","1,358","1,550","1,597",[x],[x],[x],[x],[x],[x],[x],[x],[x],[x],[x],[x],[x],[x],[x],[x]
E07000187,Mendip,"1,101","1,263","1,469","1,348","1,354","1,503","1,403","1,444","1,403","1,402","1,461","1,351","1,292","1,338","1,356","1,361","1,340","1,190","1,293",[x],[x]
E07000042,Mid Devon,792,975,969,957,989,"1,043",997,"1,049","1,022",945,"1,028","1,052",890,960,"1,090","1,188","1,183",998,"1,088","1,246","1,386"
E07000022,North Cornwall,"1,184","1,226","1,393","1,596","1,746",[x],[x],[x],[x],[x],[x],[x],[x],[x],[x],[x],[x],[x],[x],[x],[x]
E07000043,North Devon,"1,153","1,267","1,330","1,369","1,312","1,484","1,458","1,452","1,446","1,654","1,507","1,526","1,456","1,511","1,603","1,601","1,441","1,248","1,358","1,422","1,396"
E07000050,North Dorset,782,874,966,836,896,889,989,970,875,875,805,735,708,693,717,[x],[x],[x],[x],[x],[x]
E06000024,North Somerset,"2,195","2,310","2,052","1,939","2,241","2,234","2,259","2,194","2,125","1,801","1,384","1,460","1,348","1,337","1,590","1,730","2,002","2,157","2,276","2,704","2,812"
E07000231,North Wiltshire,977,"1,927","1,716","1,548","1,542",[x],[x],[x],[x],[x],[x],[x],[x],[x],[x],[x],[x],[x],[x],[x],[x]
E07000023,Penwith,589,849,896,838,"1,084",[x],[x],[x],[x],[x],[x],[x],[x],[x],[x],[x],[x],[x],[x],[x],[x]
E06000026,Plymouth,"3,030","2,825","2,591","2,847","2,967","3,006","2,900","2,886","3,248","2,996","2,744","2,849","2,634","2,518","2,823","2,794","2,404","2,441","2,566","2,567","2,617"
E06000029,Poole,"1,876","2,023","2,134","2,089","2,098","2,046","1,856","1,930","1,844","1,405","1,218","1,290","1,443","1,502","1,500",[x],[x],[x],[x],[x],[x]
E07000051,Purbeck,435,388,400,429,412,480,438,528,492,520,466,468,448,502,530,[x],[x],[x],[x],[x],[x]
E07000024,Restormel,"1,015","1,124","1,152","1,337","1,393",[x],[x],[x],[x],[x],[x],[x],[x],[x],[x],[x],[x],[x],[x],[x],[x]
E07000232,Salisbury,717,837,815,910,933,[x],[x],[x],[x],[x],[x],[x],[x],[x],[x],[x],[x],[x],[x],[x],[x]
E07000188,Sedgemoor,"1,783","1,883","1,873","1,460","1,575","1,671","1,566","1,468","1,643","1,886","1,815","1,694","1,714","1,684","1,584","1,695","1,880","1,708","1,767",[x],[x]
E06000066,Somerset,[x],[x],[x],[x],[x],[x],[x],[x],[x],[x],[x],[x],[x],[x],[x],[x],[x],[x],[x],"7,072","6,884"
E07000246,Somerset West and Taunton,[x],[x],[x],[x],[x],[x],[x],[x],[x],[x],[x],[x],[x],[x],[x],"2,309","2,345","1,891","2,218",[x],[x]
E06000025,South Gloucestershire,"1,603","1,840","1,980","2,054","2,289","2,304","2,268","2,167","2,134","1,884","1,976","1,806","2,057","1,884","2,263","2,262","2,502","2,503","2,629","2,662","2,891"
E07000044,South Hams,"1,152","1,127","1,265","1,320","1,392","1,449","1,482","1,195","1,225","1,104","1,159","1,054","1,005",941,988,916,852,752,886,"1,052","1,268"
E07000189,South Somerset,"1,839","2,018","2,373","2,289","2,410","2,603","2,554","2,649","2,588","2,286","2,108","2,191","2,023","2,044","2,163","2,212","2,201","2,127","2,050",[x],[x]
E07000082,Stroud,988,"1,045","1,029","1,147","1,342","1,586","1,494","1,576","1,561","1,657","1,678","1,278","1,342","1,403","1,511","1,617","1,683","1,425","1,481","1,430","1,574"
E06000030,Swindon,"1,768","2,374","1,877","1,723","1,714","1,928","1,897","1,832","1,959","1,893","1,725","1,702","1,770","2,077","1,918","1,903","2,037","1,863","2,036","1,893","2,534"
E07000190,Taunton Deane,"1,128","1,232","1,281","1,319","1,431","1,583","1,665","1,602","1,596","1,644","1,703","1,529","1,557","1,360","1,576",[x],[x],[x],[x],[x],[x]
E07000045,Teignbridge,"1,443","1,586","1,600","1,796","1,948","1,721","1,624","1,728","1,660","1,685","1,631","1,503","1,521","1,527","1,586","1,517","1,488","1,379","1,400","1,538","1,582"
E07000083,Tewkesbury,865,905,878,"1,174","1,137",994,822,778,761,830,690,797,805,807,891,829,821,861,"1,040","1,152","1,051"
E06000027,Torbay,"2,647","2,859","2,875","2,919","3,293","3,254","3,155","3,124","2,920","2,921","2,948","2,771","2,829","2,835","3,038","2,730","2,434","2,215","2,598","2,834","3,135"
E07000046,Torridge,628,701,869,873,"1,033","1,008","1,004",997,944,994,952,"1,065",977,868,944,966,925,699,757,855,940
E07000047,West Devon,872,755,771,764,875,955,861,723,824,709,623,578,584,546,594,597,530,475,571,643,734
E07000052,West Dorset,"1,102","1,131","1,218","1,157","1,244","1,287","1,345","1,429","1,456","1,317","1,249","1,226","1,251","1,376","1,277",[x],[x],[x],[x],[x],[x]
E07000191,West Somerset,417,519,565,544,570,617,649,560,545,544,495,501,622,600,561,[x],[x],[x],[x],[x],[x]
E07000233,West Wiltshire,"1,566","1,329","1,382","1,389","1,489",[x],[x],[x],[x],[x],[x],[x],[x],[x],[x],[x],[x],[x],[x],[x],[x]
E07000053,Weymouth and Portland,840,972,906,752,820,890,876,905,930,923,766,747,785,770,813,[x],[x],[x],[x],[x],[x]
E06000054,Wiltshire,[x],[x],[x],[x],[x],"5,469","5,422","5,558","5,691","5,613","5,525","5,103","4,619","5,059","5,325","5,218","5,512","5,364","5,895","6,204","6,372"